time,x,y,z,pitch,yaw
0.276087,-1395.0,0.0,22.149887,0.0,0.0
0.267754,-1500.0,0.0,22.149887,0.0,0.0
0.51999,-1395.0,0.0,22.149887,0.0,0.0
0.511656,-1500.0,0.0,22.149887,0.0,0.0
0.762018,-1395.0,0.0,22.149887,0.174983,0.0
0.753685,-1500.0,0.0,22.149887,0.174983,0.0
1.014373,-1384.35437,0.266718,22.149887,351.56839,2.816676
1.00604,-1500.0,0.0,22.149887,351.56839,2.816676
1.261641,-1305.956299,3.549169,22.149887,348.850403,0.854524
1.253307,-1500.0,0.0,22.149887,348.850403,0.854524
1.512286,-1305.058472,3.580649,22.149887,348.675415,1.029507
1.503952,-1500.0,0.0,22.149887,348.675415,1.029507
1.769885,-1300.910889,3.65518,22.149887,348.675415,1.029507
1.761552,-1500.0,0.0,22.149887,348.675415,1.029507
2.01686,-1229.151001,5.193263,22.149887,354.165009,359.186523
2.008527,-1500.0,0.0,22.149887,354.165009,359.186523
2.268091,-1228.406006,6.323014,22.14991,354.30368,359.011536
2.259758,-1500.0,0.0,22.149887,354.30368,359.011536
2.523017,-1198.518188,6.97057,22.14991,357.451233,356.786163
2.514683,-1500.0,0.0,22.149887,357.451233,356.786163
2.769794,-1146.247559,1.444216,22.150017,15.10337,334.038025
2.761461,-1500.0,0.0,22.149887,15.10337,334.038025
3.019059,-1014.000854,6.265787,22.150017,20.478611,318.601013
3.010726,-1500.0,0.0,22.149887,20.478611,318.601013
3.266537,-1000.776245,4.951426,22.150017,15.689802,323.860382
3.258204,-1500.0,0.0,22.149887,15.689802,323.860382
3.517564,-932.53363,-24.628569,22.150017,356.300354,14.849735
3.509231,-1500.0,0.0,22.149887,356.300354,14.849735
3.767868,-881.041748,-106.647812,22.150017,359.158356,57.97345
3.759534,-1500.0,0.0,22.149887,359.158356,57.97345
4.017378,-769.342163,-168.655365,22.150017,0.319575,86.174965
4.009044,-1500.0,0.0,22.149887,0.319575,86.174965
4.266846,-762.434448,-157.75769,22.150017,2.11504,44.368477
4.258512,-1500.0,0.0,22.149887,2.11504,44.368477
4.519466,-668.285095,-91.887939,22.150017,0.073374,7.547626
4.511132,-1500.0,0.0,22.149887,0.073374,7.547626
4.765919,-522.970276,-66.501686,22.150017,357.017334,1.094003
4.757585,-1500.0,0.0,22.149887,357.017334,1.094003
5.020672,-383.183685,-9.538205,22.150017,356.492371,358.298035
5.012339,-1500.0,0.0,22.149887,356.492371,358.298035
5.270569,-233.388107,-6.651838,22.150017,356.492371,358.298035
5.262235,-1500.0,0.0,22.149887,356.492371,358.298035
5.517314,-85.389374,-10.38728,22.150017,359.697144,1.345343
5.50898,-1500.0,0.0,22.149887,359.697144,1.345343
5.765915,63.722382,-7.222569,22.150017,359.713959,2.309725
5.757582,-1500.0,0.0,22.149887,359.713959,2.309725
6.01444,206.557449,29.75415,22.150017,357.878265,358.694794
6.006106,-1500.0,0.0,22.149887,357.878265,358.694794
6.261813,354.913391,31.562624,22.150017,356.918732,358.169861
6.253479,-1500.0,0.0,22.149887,356.918732,358.169861
6.519829,499.212433,27.577744,22.150017,357.093719,358.344849
6.511496,-1500.0,0.0,22.149887,357.093719,358.344849
6.761199,517.429993,27.052065,22.150017,356.741852,358.80188
6.752865,-1500.0,0.0,22.149887,356.741852,358.80188
7.01526,580.489807,24.711267,22.150017,356.216888,357.388672
7.006926,-1500.0,0.0,22.149887,356.216888,357.388672
7.269836,650.85498,21.588755,22.150017,356.216888,357.388672
7.261502,-1500.0,0.0,22.149887,356.216888,357.388672
7.517784,650.85498,21.588755,22.150017,356.216888,357.388672
7.50945,-1500.0,0.0,22.149887,356.216888,357.388672
7.767395,683.70575,20.090467,22.150017,359.519012,357.059601
7.759062,-1500.0,0.0,22.149887,359.519012,357.059601
8.017526,683.70575,20.090467,22.150017,2.216495,357.234589
8.009192,-1500.0,0.0,22.149887,2.216495,357.234589
8.268559,712.647949,16.058483,22.150017,6.983199,355.420227
8.260226,-1500.0,0.0,22.149887,6.983199,355.420227
8.521355,726.850464,6.685307,22.150002,8.251125,345.496216
8.513021,-1500.0,0.0,22.149887,8.251125,345.496216
8.762169,828.681824,-1.360371,22.150002,9.164629,340.241455
8.753836,-1500.0,0.0,22.149887,9.164629,340.241455
9.01915,973.449585,22.454,22.150002,7.383203,304.998016
9.010817,-1500.0,0.0,22.149887,7.383203,304.998016
9.264037,979.990845,25.347666,22.150002,6.877646,304.403748
9.255704,-1500.0,0.0,22.149887,6.877646,304.403748
9.511864,994.738281,-32.993721,22.150002,7.144422,11.282179
9.503531,-1500.0,0.0,22.149887,7.144422,11.282179
9.770334,990.958008,-77.327019,22.150002,4.300292,55.656265
9.762001,-1500.0,0.0,22.149887,4.300292,55.656265
10.008609,947.133301,-172.056854,22.150002,3.950326,53.44722
10.000276,-1500.0,0.0,22.149887,3.950326,53.44722
10.269942,964.297668,-326.952393,22.150002,2.813265,344.610626
10.261609,-1500.0,0.0,22.149887,2.813265,344.610626
10.519453,1012.791748,-393.886932,22.150002,2.638283,346.916351
10.51112,-1500.0,0.0,22.149887,2.638283,346.916351
10.769623,1158.481079,-412.933136,22.150002,3.279652,20.562878
10.76129,-1500.0,0.0,22.149887,3.279652,20.562878
11.021353,1307.778809,-434.665192,22.150002,1.892772,49.538078
11.01302,-1500.0,0.0,22.149887,1.892772,49.538078
11.262808,1415.213501,-421.803467,22.150002,0.821343,63.920643
11.254475,-1500.0,0.0,22.149887,0.821343,63.920643
11.512716,1450.791992,-436.63974,22.150002,359.734497,70.347672
11.504383,-1500.0,0.0,22.149887,359.734497,70.347672
11.765172,1584.337524,-429.973328,22.150002,358.066132,77.147736
11.756839,-1500.0,0.0,22.149887,358.066132,77.147736
12.018491,1656.07312,-300.151001,22.150002,358.38504,73.848686
12.010158,-1500.0,0.0,22.149887,358.38504,73.848686
12.261848,1671.676514,-156.530945,22.150002,2.42693,34.878048
12.253515,-1500.0,0.0,22.149887,2.42693,34.878048
12.512771,1717.172241,-15.157315,22.150002,1.946609,6.272919
12.504437,-1500.0,0.0,22.149887,1.946609,6.272919
12.767361,1759.13147,129.650162,22.150002,0.642697,349.405243
12.759027,-1500.0,0.0,22.149887,0.642697,349.405243
13.010689,1793.541748,271.302673,22.150002,359.417816,335.729523
13.002356,-1500.0,0.0,22.149887,359.417816,335.729523
13.269828,1867.549683,407.14502,22.150002,358.717865,310.729919
13.261495,-1500.0,0.0,22.149887,358.717865,310.729919
13.512719,1988.490479,485.860535,22.150002,358.717865,293.877808
13.504386,-1500.0,0.0,22.149887,358.717865,293.877808
13.770689,2074.544678,524.854065,22.150002,358.367889,285.134399
13.762356,-1500.0,0.0,22.149887,358.367889,285.134399
14.015387,2138.068848,535.728394,22.150002,357.667938,275.056305
14.007053,-1500.0,0.0,22.149887,357.667938,275.056305
14.271601,2285.162842,549.044678,22.150002,357.667938,278.810577
14.263268,-1500.0,0.0,22.149887,357.667938,278.810577
14.516723,2352.59668,448.013641,22.150002,358.017914,295.575012
14.508389,-1500.0,0.0,22.149887,358.017914,295.575012
14.758513,2392.350342,369.615326,22.150002,356.322784,314.872467
14.75018,-1500.0,0.0,22.149887,356.322784,314.872467
15.021103,2459.586182,317.058563,22.150002,354.767151,331.854919
15.01277,-1500.0,0.0,22.149887,354.767151,331.854919
15.270122,2528.130615,185.602814,22.150002,353.445892,344.141754
15.261788,-1500.0,0.0,22.149887,353.445892,344.141754
15.518166,2599.562012,60.411259,22.150002,353.270905,352.55899
15.509832,-1500.0,0.0,22.149887,353.270905,352.55899
15.763861,2603.347168,53.025425,22.150002,355.868439,353.195526
15.755527,-1500.0,0.0,22.149887,355.868439,353.195526
16.008698,2599.866943,23.361866,22.150002,356.743378,354.44165
16.000364,-1500.0,0.0,22.149887,356.743378,354.44165
16.264818,2629.788086,20.450197,22.150002,356.743378,354.44165
16.256485,-1500.0,0.0,22.149887,356.743378,354.44165
16.509378,2662.326904,17.28384,22.150002,356.743378,354.44165
16.501045,-1500.0,0.0,22.149887,356.743378,354.44165
16.76383,2733.644043,10.343627,22.150002,356.743378,354.44165
16.755497,-1500.0,0.0,22.149887,356.743378,354.44165
17.015135,2733.644043,10.343627,22.150002,356.743378,354.44165
17.006802,-1500.0,0.0,22.149887,356.743378,354.44165
17.266415,2739.03833,9.818703,22.150002,356.743378,354.44165
17.258081,-1500.0,0.0,22.149887,356.743378,354.44165
17.509087,2776.536865,6.638217,22.150017,356.918365,355.967896
17.500753,-1500.0,0.0,22.149887,356.918365,355.967896
17.767418,2789.395264,3.070822,22.150002,358.47525,334.431915
17.759085,-1500.0,0.0,22.149887,358.47525,334.431915
18.014217,2831.511719,0.441705,22.150002,358.460938,311.541077
18.005884,-1500.0,0.0,22.149887,358.460938,311.541077
18.267597,2967.953369,-9.677198,22.150002,0.999697,290.359772
18.259264,-1500.0,0.0,22.149887,0.999697,290.359772
18.513805,3048.223633,-126.648987,22.150002,4.214339,282.767242
18.505472,-1500.0,0.0,22.149887,4.214339,282.767242
18.769501,3083.726807,-275.101379,22.150002,19.407446,311.760864
18.761168,-1500.0,0.0,22.149887,19.407446,311.760864
19.012152,3088.818359,-420.475952,22.150002,19.650702,333.386078
19.003819,-1500.0,0.0,22.149887,19.650702,333.386078
19.267906,3153.820801,-547.45105,22.149994,24.334896,7.888876
19.259573,-1500.0,0.0,22.149887,24.334896,7.888876
19.512316,3251.203125,-648.593506,22.149994,25.674339,29.235233
19.503983,-1500.0,0.0,22.149887,25.674339,29.235233
19.769693,3398.053711,-688.318542,22.149994,25.499357,51.489655
19.76136,-1500.0,0.0,22.149887,25.499357,51.489655
20.017851,3545.763184,-686.179932,22.149994,23.536411,65.138618
20.009518,-1500.0,0.0,22.149887,23.536411,65.138618
20.266514,3683.142822,-697.254028,22.149994,23.186447,79.295555
20.258181,-1500.0,0.0,22.149887,23.186447,79.295555
20.517672,3710.913574,-653.141968,22.149994,19.427723,85.979332
20.509338,-1500.0,0.0,22.149887,19.427723,85.979332
20.769453,3712.692871,-627.963074,22.149994,8.532808,86.119011
20.76112,-1500.0,0.0,22.149887,8.532808,86.119011
21.008623,3717.970703,-559.751343,22.149994,2.09141,84.750183
21.00029,-1500.0,0.0,22.149887,2.09141,84.750183
21.268515,3712.108154,-407.566498,22.149994,4.187809,78.708847
21.260181,-1500.0,0.0,22.149887,4.187809,78.708847
21.515663,3665.039795,-273.161621,22.149994,6.734982,67.90892
21.50733,-1500.0,0.0,22.149887,6.734982,67.90892
21.762411,3665.024902,-125.286011,22.149994,3.670261,59.879139
21.754078,-1500.0,0.0,22.149887,3.670261,59.879139
22.02104,3665.002686,29.851894,22.149994,0.773963,45.552437
22.012707,-1500.0,0.0,22.149887,0.773963,45.552437
22.263033,3665.033447,174.743271,22.149994,1.298911,25.234665
22.2547,-1500.0,0.0,22.149887,1.298911,25.234665
22.517673,3665.019287,327.368835,22.149994,1.123928,11.79973
22.50934,-1500.0,0.0,22.149887,1.123928,11.79973
22.760651,3665.637207,473.13028,22.149994,0.773963,353.254333
22.752317,-1500.0,0.0,22.149887,0.773963,353.254333
23.015728,3730.397461,601.065369,22.149994,0.773963,330.413361
23.007395,-1500.0,0.0,22.149887,0.773963,330.413361
23.262743,3871.775635,642.107788,22.149994,0.020752,310.579865
23.25441,-1500.0,0.0,22.149887,0.020752,310.579865
23.51572,4021.227295,622.503296,22.149994,1.020215,289.322876
23.507387,-1500.0,0.0,22.149887,1.020215,289.322876
23.771982,4172.625488,615.446472,22.149994,2.129852,273.16394
23.763649,-1500.0,0.0,22.149887,2.129852,273.16394
24.016865,4319.072266,614.777527,22.149994,1.954869,266.915192
24.008532,-1500.0,0.0,22.149887,1.954869,266.915192
24.258745,4395.77002,503.619171,22.149994,1.273139,276.967285
24.250412,-1500.0,0.0,22.149887,1.273139,276.967285
24.519156,4427.742188,350.788971,22.149994,0.095659,297.057556
24.510822,-1500.0,0.0,22.149887,0.095659,297.057556
24.762087,4419.338867,205.575897,22.149994,356.783936,321.847443
24.753754,-1500.0,0.0,22.149887,356.783936,321.847443
25.012842,4450.624512,60.012489,22.149994,355.044037,348.06781
25.004509,-1500.0,0.0,22.149887,355.044037,348.06781
25.262094,4524.111328,14.506925,22.149994,354.551758,1.648353
25.253761,-1500.0,0.0,22.149887,354.551758,1.648353
25.52022,4570.390625,16.237202,22.149994,354.551758,2.1733
25.511887,-1500.0,0.0,22.149887,354.551758,2.1733
25.76795,4601.918945,17.430828,22.149994,354.551758,2.1733
25.759617,-1500.0,0.0,22.149887,354.551758,2.1733
26.014771,4660.965332,19.671633,22.149994,354.551758,2.1733
26.006437,-1500.0,0.0,22.149887,354.551758,2.1733
26.268665,4688.138672,19.513607,22.149994,354.551758,2.1733
26.260332,-1500.0,0.0,22.149887,354.551758,2.1733
26.518911,4689.339844,-12.177521,22.149994,354.551758,1.998318
26.510578,-1500.0,0.0,22.149887,354.551758,1.998318
26.768328,4700.344238,-12.318671,22.149994,353.059723,359.145355
26.759995,-1500.0,0.0,22.149887,353.059723,359.145355
27.016226,4703.436035,-12.361115,22.149994,353.059723,359.145355
27.007893,-1500.0,0.0,22.149887,353.059723,359.145355
27.266407,4725.84668,-8.775039,22.150002,353.059723,359.145355
27.258074,-1500.0,0.0,22.149887,353.059723,359.145355
27.51936,4830.412598,1.440019,22.150002,359.234924,346.331879
27.511026,-1500.0,0.0,22.149887,359.234924,346.331879
27.771051,4979.725586,8.758113,22.150002,3.362418,325.2276
27.762718,-1500.0,0.0,22.149887,3.362418,325.2276
28.011814,5076.217285,21.314436,22.150002,5.625234,295.792389
28.003481,-1500.0,0.0,22.149887,5.625234,295.792389
28.264053,5094.219238,-17.893501,22.150002,7.082663,297.130829
28.25572,-1500.0,0.0,22.149887,7.082663,297.130829
28.518808,5147.872559,-151.179718,22.150002,17.124683,326.910156
28.510475,-1500.0,0.0,22.149887,17.124683,326.910156
28.770588,5138.522949,-211.298187,22.150002,19.047338,355.391876
28.762255,-1500.0,0.0,22.149887,19.047338,355.391876
29.019228,5173.108398,-282.279205,22.150002,18.100206,11.12103
29.010895,-1500.0,0.0,22.149887,18.100206,11.12103
29.266447,5224.987305,-303.909241,22.150002,9.63137,21.579641
29.258114,-1500.0,0.0,22.149887,9.63137,21.579641
29.514048,5288.979004,-370.827759,22.150002,11.655183,43.685974
29.505714,-1500.0,0.0,22.149887,11.655183,43.685974
29.763109,5397.770508,-319.791595,22.150002,7.859241,53.914146
29.754776,-1500.0,0.0,22.149887,7.859241,53.914146
30.012375,5524.02002,-259.520538,22.150002,4.303213,61.595558
30.004042,-1500.0,0.0,22.149887,4.303213,61.595558
30.261356,5661.554199,-286.805023,22.150002,2.495922,70.250038
30.253023,-1500.0,0.0,22.149887,2.495922,70.250038
30.509062,5735.252441,-163.50116,22.150002,10.026373,70.755554
30.500729,-1500.0,0.0,22.149887,10.026373,70.755554
30.764793,5703.985352,-32.698147,22.150002,15.033546,63.83268
30.75646,-1500.0,0.0,22.149887,15.033546,63.83268
31.008978,5676.181152,-15.820333,22.150002,5.973076,52.108231
31.000645,-1500.0,0.0,22.149887,5.973076,52.108231
31.264196,5680.273926,105.230988,22.150002,12.877443,20.285072
31.255863,-1500.0,0.0,22.149887,12.877443,20.285072
31.518152,5744.635254,242.943924,22.150002,14.754167,7.982318
31.509819,-1500.0,0.0,22.149887,14.754167,7.982318
31.769596,5760.248535,300.978485,22.150002,15.279113,356.340332
31.761263,-1500.0,0.0,22.149887,15.279113,356.340332
32.011215,5773.459473,393.61441,22.150002,14.054238,343.953735
32.00288,-1500.0,0.0,22.149887,14.054238,343.953735
32.265598,5758.984863,454.317352,22.150002,13.529292,333.2211
32.257263,-1500.0,0.0,22.149887,13.529292,333.2211
32.519588,5756.728027,538.957153,22.150002,11.318667,315.66803
32.511253,-1500.0,0.0,22.149887,11.318667,315.66803
32.76767,5839.379395,636.748108,22.150002,10.621247,294.434845
32.759335,-1500.0,0.0,22.149887,10.621247,294.434845
33.019108,5884.124512,649.983398,22.150002,12.376899,279.994781
33.010773,-1500.0,0.0,22.149887,12.376899,279.994781
33.270954,6006.779297,593.510132,22.150002,15.144682,275.548737
33.262619,-1500.0,0.0,22.149887,15.144682,275.548737
33.512104,6054.289062,558.72522,22.150002,16.949099,270.970245
33.503769,-1500.0,0.0,22.149887,16.949099,270.970245
33.763977,6143.233398,556.202881,22.150002,22.022043,265.890381
33.755642,-1500.0,0.0,22.149887,22.022043,265.890381
34.017082,6191.944824,553.184509,22.150002,27.871328,271.620667
34.008747,-1500.0,0.0,22.149887,27.871328,271.620667
34.270702,6195.666992,528.182495,22.150002,15.041893,288.884613
34.262367,-1500.0,0.0,22.149887,15.041893,288.884613
34.511929,6211.285156,498.326599,22.150002,4.0118,301.768341
34.503593,-1500.0,0.0,22.149887,4.0118,301.768341
34.763096,6246.55957,372.914185,22.150002,357.601685,314.450531
34.754761,-1500.0,0.0,22.149887,357.601685,314.450531
35.020771,6221.73291,223.236343,22.150002,354.88501,330.685913
35.012436,-1500.0,0.0,22.149887,354.88501,330.685913
35.266869,6216.132324,84.849426,22.150002,355.234985,346.819824
35.258533,-1500.0,0.0,22.149887,355.234985,346.819824
35.517948,6351.241699,24.711159,22.150002,354.390167,352.551727
35.509613,-1500.0,0.0,22.149887,354.390167,352.551727
35.761845,6496.730469,11.469134,22.150002,352.263184,0.756034
35.75351,-1500.0,0.0,22.149887,352.263184,0.756034
36.015251,6613.543457,12.665146,22.150002,352.088196,1.6843
36.006916,-1500.0,0.0,22.149887,352.088196,1.6843
36.268394,6648.493652,13.692616,22.150002,352.088196,1.6843
36.260059,-1500.0,0.0,22.149887,352.088196,1.6843
36.516861,6697.709961,15.139786,22.150002,352.088196,1.6843
36.508526,-1500.0,0.0,22.149887,352.088196,1.6843
36.771534,6697.709961,15.139786,22.150002,352.088196,1.6843
36.763199,-1500.0,0.0,22.149887,352.088196,1.6843
37.021782,6697.709961,15.139786,22.150002,352.088196,1.6843
37.013447,-1500.0,0.0,22.149887,352.088196,1.6843
37.268753,6729.091309,5.591137,22.150017,353.212555,1.176411
37.260418,-1500.0,0.0,22.149887,353.212555,1.176411
37.518246,6783.10498,1.052694,22.150002,354.193298,1.001429
37.509911,-1500.0,0.0,22.149887,354.193298,1.001429
37.769943,6817.126465,1.231951,22.150002,358.023529,357.247284
37.761608,-1500.0,0.0,22.149887,358.023529,357.247284
38.014458,6940.853516,-3.10234,22.150002,0.014008,353.711823
38.006123,-1500.0,0.0,22.149887,0.014008,353.711823
38.264816,6966.631836,-4.922001,22.150002,2.642765,314.727692
38.256481,-1500.0,0.0,22.149887,2.642765,314.727692
38.512371,6966.631836,-4.922001,22.150002,2.467782,308.157806
38.504036,-1500.0,0.0,22.149887,2.467782,308.157806
38.770145,6988.778809,-9.075873,22.150002,2.576334,9.923332
38.76181,-1500.0,0.0,22.149887,2.576334,9.923332
39.016983,7030.719727,-35.179516,22.150002,1.008274,56.417694
39.008648,-1500.0,0.0,22.149887,1.008274,56.417694
39.270008,7075.972656,-66.416351,22.150002,0.658309,87.41114
39.261673,-1500.0,0.0,22.149887,0.658309,87.41114
39.513947,7131.629395,-72.361931,22.150002,1.483889,47.946774
39.505611,-1500.0,0.0,22.149887,1.483889,47.946774
39.758636,7255.589355,-13.086443,22.150002,2.123081,17.339573
39.750301,-1500.0,0.0,22.149887,2.123081,17.339573
40.014679,7404.568848,20.85198,22.150002,359.932007,0.500475
40.006344,-1500.0,0.0,22.149887,359.932007,0.500475
40.261822,7552.777832,23.319033,22.150002,358.357117,357.578094
40.253487,-1500.0,0.0,22.149887,358.357117,357.578094
40.508694,7700.792969,17.760904,22.150002,358.007141,358.091827
40.500359,-1500.0,0.0,22.149887,358.007141,358.091827
40.767159,7854.99707,21.51676,22.150002,357.641205,0.303009
40.758823,-1500.0,0.0,22.149887,357.641205,0.303009
41.016003,8000.754395,47.015034,22.150002,359.180359,358.596436
41.007668,-1500.0,0.0,22.149887,359.180359,358.596436
41.26619,8138.243652,-6.118398,22.150002,359.180359,358.596436
41.257854,-1500.0,0.0,22.149887,359.180359,358.596436
41.517895,8288.442383,-18.944035,22.150002,359.005371,2.375284
41.50956,-1500.0,0.0,22.149887,359.005371,2.375284
41.766994,8437.831055,-14.55916,22.150002,358.425415,2.109132
41.758659,-1500.0,0.0,22.149887,358.425415,2.109132
42.014416,8586.223633,-10.483169,22.150002,359.412445,1.312902
42.006081,-1500.0,0.0,22.149887,359.412445,1.312902
42.262703,8647.611328,-9.142941,22.150002,359.412445,1.312902
42.254368,-1500.0,0.0,22.149887,359.412445,1.312902
42.518764,8647.262695,5.890303,22.150002,359.412445,1.312902
42.510429,-1500.0,0.0,22.149887,359.412445,1.312902
42.758968,8647.262695,5.890303,22.150002,358.537506,359.802826
42.750633,-1500.0,0.0,22.149887,358.537506,359.802826
43.019253,8706.007812,5.688135,22.150002,358.537506,359.802826
43.010918,-1500.0,0.0,22.149887,358.537506,359.802826
43.264969,8735.578125,5.586386,22.150002,358.537506,359.802826
43.256634,-1500.0,0.0,22.149887,358.537506,359.802826
43.513683,8795.185547,2.397245,22.150002,358.712494,359.802826
43.505348,-1500.0,0.0,22.149887,358.712494,359.802826
43.767036,8877.647461,-1.45722,22.150002,8.983538,359.152252
43.758701,-1500.0,0.0,22.149887,8.983538,359.152252
44.018627,9028.424805,-3.124773,22.150002,18.896015,358.476685
44.010292,-1500.0,0.0,22.149887,18.896015,358.476685
44.263981,9053.708008,-3.655666,22.150002,30.707333,357.767303
44.255646,-1500.0,0.0,22.149887,30.707333,357.767303
44.514915,9053.708008,-3.655666,22.150002,31.981205,357.942291
44.50658,-1500.0,0.0,22.149887,31.981205,357.942291
44.761765,9053.708008,-3.655666,22.150002,23.791412,358.117279
44.753429,-1500.0,0.0,22.149887,23.791412,358.117279
45.020657,9087.022461,-4.417056,22.150002,12.500956,359.167206
45.012321,-1500.0,0.0,22.149887,12.500956,359.167206
45.267723,9096.769531,-4.56224,22.150002,5.194478,359.342194
45.259388,-1500.0,0.0,22.149887,5.194478,359.342194
45.514187,9189.727539,-5.551816,22.150002,1.307355,359.692169
45.505852,-1500.0,0.0,22.149887,1.307355,359.692169
45.759071,9206.441406,-5.625088,22.150002,357.371063,0.042145
45.750736,-1500.0,0.0,22.149887,357.371063,0.042145
46.018726,9324.830078,-5.561471,22.150002,357.371063,0.042145
46.010391,-1500.0,0.0,22.149887,357.371063,0.042145
46.270512,9475.905273,-5.45194,22.150002,358.807831,0.042145
46.262177,-1500.0,0.0,22.149887,358.807831,0.042145
46.508995,9618.998047,-5.346761,22.150002,1.029144,0.042145
46.50066,-1500.0,0.0,22.149887,1.029144,0.042145
46.758942,9768.963867,-5.236455,22.150002,0.379943,0.042145
46.750607,-1500.0,0.0,22.149887,0.379943,0.042145
47.008827,9887.617188,6.885608,22.150002,0.023163,336.732056
47.000492,-1500.0,0.0,22.149887,0.023163,336.732056
47.259045,9912.304688,40.792255,22.150002,359.848175,313.985687
47.25071,-1500.0,0.0,22.149887,359.848175,313.985687
47.520985,9912.304688,40.792255,22.150002,359.673187,343.247955
47.51265,-1500.0,0.0,22.149887,359.673187,343.247955
47.771667,9972.948242,39.437103,22.150002,358.973236,5.259426
47.763332,-1500.0,0.0,22.149887,358.973236,5.259426
48.008656,10108.628906,17.663231,22.150002,357.816956,29.450113
48.00032,-1500.0,0.0,22.149887,357.816956,29.450113
48.271339,10237.033203,-66.688309,22.150002,357.641968,22.03606
48.263004,-1500.0,0.0,22.149887,357.641968,22.03606
48.51936,10382.712891,-72.235802,22.150002,356.942017,1.757092
48.511024,-1500.0,0.0,22.149887,356.942017,1.757092
48.761654,10524.15332,-49.315861,22.150002,356.767029,1.58211
48.753319,-1500.0,0.0,22.149887,356.767029,1.58211
49.015217,10594.269531,11.87312,22.150002,355.629059,0.25185
49.006882,-1500.0,0.0,22.149887,355.629059,0.25185
49.265263,10628.333008,11.231385,22.150002,355.279083,358.337402
49.256927,-1500.0,0.0,22.149887,355.279083,358.337402
49.518253,10737.216797,0.705249,22.150002,355.279083,358.337402
49.509918,-1500.0,0.0,22.149887,355.279083,358.337402
49.767174,10737.450195,0.591226,22.150002,355.279083,358.337402
49.758839,-1500.0,0.0,22.149887,355.279083,358.337402
50.017033,10737.450195,0.591226,22.150002,355.279083,358.337402
50.008698,-1500.0,0.0,22.149887,355.279083,358.337402
50.269749,10771.595703,1.0199,22.150002,355.279083,358.337402
50.261414,-1500.0,0.0,22.149887,355.279083,358.337402
50.519646,10776.106445,0.947175,22.150002,355.279083,358.337402
50.511311,-1500.0,0.0,22.149887,355.279083,358.337402
50.770504,10776.106445,0.947175,22.150002,355.279083,358.337402
50.762169,-1500.0,0.0,22.149887,355.279083,358.337402
51.022438,10776.106445,0.947175,22.150002,356.437103,354.762146
51.014103,-1500.0,0.0,22.149887,356.437103,354.762146
51.261791,10828.506836,-0.600058,22.150002,357.718018,334.212219
51.253456,-1500.0,0.0,22.149887,357.718018,334.212219
51.516968,10903.786133,-3.193169,22.150002,359.667053,315.625854
51.508633,-1500.0,0.0,22.149887,359.667053,315.625854
51.769791,10947.251953,-64.04155,22.150002,1.441843,291.673523
51.761456,-1500.0,0.0,22.149887,1.441843,291.673523
52.014778,10969.234375,-109.297829,22.150002,1.091878,292.243042
52.006443,-1500.0,0.0,22.149887,1.091878,292.243042
52.262646,11005.916992,-194.386429,22.150002,0.479346,323.008026
52.254311,-1500.0,0.0,22.149887,0.479346,323.008026
52.516754,10994.729492,-345.037292,22.150002,359.357056,1.485135
52.508419,-1500.0,0.0,22.149887,359.357056,1.485135
52.758831,11013.644531,-487.678162,22.150002,359.503723,33.818935
52.750496,-1500.0,0.0,22.149887,359.503723,33.818935
53.017559,11112.663086,-604.130798,22.150002,358.697296,63.026314
53.009224,-1500.0,0.0,22.149887,358.697296,63.026314
53.269161,11247.701172,-670.916077,22.150002,359.572205,67.644073
53.260826,-1500.0,0.0,22.149887,359.572205,67.644073
53.519009,11396.236328,-671.656128,22.150002,359.666473,48.261623
53.510674,-1500.0,0.0,22.149887,359.666473,48.261623
53.76318,11520.483398,-607.995178,22.150002,0.441908,65.076843
53.754845,-1500.0,0.0,22.149887,0.441908,65.076843
54.010284,11584.792969,-474.948914,22.150002,0.616891,72.499886
54.001949,-1500.0,0.0,22.149887,0.616891,72.499886
54.268372,11665.248047,-346.565094,22.150002,1.316821,80.005295
54.260036,-1500.0,0.0,22.149887,1.316821,80.005295
54.514668,11713.011719,-207.925629,22.150002,1.747041,75.5056
54.506332,-1500.0,0.0,22.149887,1.747041,75.5056
54.759052,11715.922852,-63.713127,22.150002,1.693451,51.65889
54.750717,-1500.0,0.0,22.149887,1.693451,51.65889
55.020149,11716.449219,91.793251,22.150002,2.043416,25.194298
55.011814,-1500.0,0.0,22.149887,2.043416,25.194298
55.269619,11767.907227,231.907944,22.150002,0.728745,10.309614
55.261284,-1500.0,0.0,22.149887,0.728745,10.309614
55.521183,11861.264648,349.520935,22.150002,3.135903,343.852356
55.512848,-1500.0,0.0,22.149887,3.135903,343.852356
55.766975,11937.620117,475.280792,22.150002,4.379399,309.363495
55.75864,-1500.0,0.0,22.149887,4.379399,309.363495
56.017265,12057.398438,564.28363,22.150002,3.039895,292.266907
56.00893,-1500.0,0.0,22.149887,3.039895,292.266907
56.267262,12197.077148,618.361938,22.150002,2.68993,282.730133
56.258926,-1500.0,0.0,22.149887,2.68993,282.730133
56.519909,12337.311523,638.566162,22.150002,2.514948,269.410492
56.511574,-1500.0,0.0,22.149887,2.514948,269.410492
56.758518,12363.269531,638.370728,22.150002,3.039895,268.885529
56.750183,-1500.0,0.0,22.149887,3.039895,268.885529
57.011028,12482.858398,607.681091,22.150002,3.38986,278.795288
57.002693,-1500.0,0.0,22.149887,3.38986,278.795288
57.26675,12512.560547,558.071106,22.150002,3.564843,296.539978
57.258415,-1500.0,0.0,22.149887,3.564843,296.539978
57.516777,12546.256836,455.00061,22.150002,2.151167,310.026703
57.508442,-1500.0,0.0,22.149887,2.151167,310.026703
57.764477,12547.092773,306.410217,22.150002,357.94754,320.635406
57.756142,-1500.0,0.0,22.149887,357.94754,320.635406
58.015881,12568.951172,157.424835,22.150002,352.960785,333.658905
58.007545,-1500.0,0.0,22.149887,352.960785,333.658905
58.269096,12646.479492,34.235325,22.150002,349.935272,348.09964
58.260761,-1500.0,0.0,22.149887,349.935272,348.09964
58.513012,12676.200195,20.960951,22.150002,349.935272,350.655762
58.504677,-1500.0,0.0,22.149887,349.935272,350.655762
58.770508,12687.234375,19.1448,22.150002,349.760284,350.655762
58.762173,-1500.0,0.0,22.149887,349.760284,350.655762
59.016041,12687.234375,19.1448,22.150002,350.358368,351.53067
59.007706,-1500.0,0.0,22.149887,350.358368,351.53067
59.267403,12687.234375,19.1448,22.150002,352.743561,355.256653
59.259068,-1500.0,0.0,22.149887,352.743561,355.256653
59.512035,12687.234375,19.1448,22.150002,354.168304,359.365234
59.5037,-1500.0,0.0,22.149887,354.168304,359.365234
59.765469,12696.707031,19.039875,22.150002,354.51828,359.365234
59.757133,-1500.0,0.0,22.149887,354.51828,359.365234
60.012936,12779.674805,0.823971,22.150002,355.043243,359.540222
60.004601,-1500.0,0.0,22.149887,355.043243,359.540222
60.265667,12809.069336,2.500352,22.150017,359.327301,0.549362
60.257332,-1500.0,0.0,22.149887,359.327301,0.549362
60.50901,12922.120117,-1.629478,22.150002,8.412312,359.640411
60.500675,-1500.0,0.0,22.149887,8.412312,359.640411
60.761112,13010.792969,-2.131869,22.150002,16.877945,359.465424
60.752777,-1500.0,0.0,22.149887,16.877945,359.465424
61.019669,13026.414062,-2.32202,22.150002,12.471642,358.741699
61.011333,-1500.0,0.0,22.149887,12.471642,358.741699
61.269131,13146.751953,-4.290034,22.150002,3.682323,356.983887
61.260796,-1500.0,0.0,22.149887,3.682323,356.983887
61.52047,13187.186523,23.414719,22.150002,4.996852,308.40979
61.512135,-1500.0,0.0,22.149887,4.996852,308.40979
61.761631,13197.746094,33.898148,22.150002,4.50802,313.068085
61.753296,-1500.0,0.0,22.149887,4.50802,313.068085
62.012241,13233.307617,23.710295,22.150002,3.29848,7.583167
62.003906,-1500.0,0.0,22.149887,3.29848,7.583167
62.269966,13348.057617,-53.5546,22.150002,2.146092,54.348576
62.261631,-1500.0,0.0,22.149887,2.146092,54.348576
62.520767,13474.12207,-132.322235,22.150002,2.146092,61.027603
62.512432,-1500.0,0.0,22.149887,2.146092,61.027603
62.76284,13602.868164,-74.628532,22.150002,1.97111,23.486414
62.754505,-1500.0,0.0,22.149887,1.97111,23.486414
63.015625,13744.821289,-23.137667,22.150002,1.474247,7.656078
63.00729,-1500.0,0.0,22.149887,1.474247,7.656078
63.269226,13895.349609,-1.516371,22.150002,0.55835,2.363315
63.260891,-1500.0,0.0,22.149887,0.55835,2.363315
63.511814,14040.757812,4.003676,22.150002,358.868317,0.098867
63.503479,-1500.0,0.0,22.149887,358.868317,0.098867
63.767033,14193.891602,4.116177,22.150002,357.570099,359.748901
63.758698,-1500.0,0.0,22.149887,357.570099,359.748901
64.020363,14345.896484,3.490133,22.150002,355.565247,359.748901
64.012032,-1500.0,0.0,22.149887,355.565247,359.748901
64.271477,14496.545898,2.831901,22.150002,355.565247,359.748901
64.263145,-1500.0,0.0,22.149887,355.565247,359.748901
64.518326,14644.655273,2.182909,22.150002,355.565247,359.748901
64.509995,-1500.0,0.0,22.149887,355.565247,359.748901
64.76693,14691.378906,1.978127,22.150002,355.565247,359.748901
64.758598,-1500.0,0.0,22.149887,355.565247,359.748901
65.018501,14691.378906,1.978127,22.150002,355.565247,359.748901
65.01017,-1500.0,0.0,22.149887,355.565247,359.748901
65.270317,14691.677734,1.976818,22.150002,355.565247,359.748901
65.261986,-1500.0,0.0,22.149887,355.565247,359.748901
65.515106,14761.864258,-0.970333,22.150017,355.565247,359.748901
65.506775,-1500.0,0.0,22.149887,355.565247,359.748901
65.769661,14773.605469,0.960025,22.150017,355.565247,359.748901
65.76133,-1500.0,0.0,22.149887,355.565247,359.748901
66.015205,14812.235352,1.323162,22.150002,356.895264,355.268646
66.006874,-1500.0,0.0,22.149887,356.895264,355.268646
66.258888,14926.056641,-11.705609,22.150002,0.616286,316.060303
66.250557,-1500.0,0.0,22.149887,0.616286,316.060303
66.512909,15016.267578,-127.02562,22.150002,358.361145,267.9151
66.504578,-1500.0,0.0,22.149887,358.361145,267.9151
66.763496,15023.264648,-214.187897,22.150002,357.836182,278.414459
66.755165,-1500.0,0.0,22.149887,357.836182,278.414459
67.019875,15049.483398,-288.995056,22.150002,358.315216,345.356537
67.011543,-1500.0,0.0,22.149887,358.315216,345.356537
67.264832,15077.882812,-430.309906,22.150002,357.02655,54.433235
67.2565,-1500.0,0.0,22.149887,357.02655,54.433235
67.513855,15064.698242,-577.117432,22.150002,356.851562,77.07122
67.505524,-1500.0,0.0,22.149887,356.851562,77.07122
67.765053,15088.125,-714.77478,22.150002,357.161133,37.458717
67.756721,-1500.0,0.0,22.149887,357.161133,37.458717
68.015251,15197.881836,-811.073547,22.150002,357.161133,37.466854
68.00692,-1500.0,0.0,22.149887,357.161133,37.466854
68.264214,15345.143555,-834.052307,22.150002,358.21106,46.822025
68.255882,-1500.0,0.0,22.149887,358.21106,46.822025
68.515251,15494.884766,-822.316223,22.150002,357.913483,60.81303
68.50692,-1500.0,0.0,22.149887,357.913483,60.81303
68.767532,15623.84668,-753.846802,22.150002,357.563507,70.053055
68.759201,-1500.0,0.0,22.149887,357.563507,70.053055
69.018501,15680.933594,-615.07959,22.150002,357.563507,75.334518
69.01017,-1500.0,0.0,22.149887,357.563507,75.334518
69.270126,15676.860352,-468.9375,22.150002,357.563507,68.827316
69.261795,-1500.0,0.0,22.149887,357.563507,68.827316
69.51403,15685.667969,-327.164642,22.150002,357.388519,60.690857
69.505699,-1500.0,0.0,22.149887,357.388519,60.690857
69.769997,15669.668945,-174.734375,22.150002,357.388519,50.345203
69.761665,-1500.0,0.0,22.149887,357.388519,50.345203
70.011292,15665.287109,-30.275202,22.150002,357.213531,41.69519
70.00296,-1500.0,0.0,22.149887,357.213531,41.69519
70.264404,15682.537109,120.28759,22.150002,357.213531,26.832678
70.256073,-1500.0,0.0,22.149887,357.213531,26.832678
70.515198,15735.234375,260.87558,22.150002,357.563507,12.608811
70.506866,-1500.0,0.0,22.149887,357.563507,12.608811
70.764709,15821.435547,382.468567,22.150002,357.913483,350.457489
70.756378,-1500.0,0.0,22.149887,357.913483,350.457489
71.017921,15944.762695,466.951935,22.150002,357.309448,315.876587
71.00959,-1500.0,0.0,22.149887,357.309448,315.876587
71.264984,16064.012695,548.996643,22.150002,357.79248,278.565857
71.256653,-1500.0,0.0,22.149887,357.79248,278.565857
71.510605,16085.987305,553.266663,22.150002,357.79248,270.43634
71.502274,-1500.0,0.0,22.149887,357.79248,270.43634
71.767143,16203.428711,554.175781,22.150002,357.79248,271.364197
71.758812,-1500.0,0.0,22.149887,357.79248,271.364197
72.012222,16264.044922,556.44043,22.150002,357.967468,281.996704
72.003891,-1500.0,0.0,22.149887,357.967468,281.996704
72.259094,16361.795898,584.110291,22.150002,357.317505,294.544952
72.250763,-1500.0,0.0,22.149887,357.317505,294.544952
72.513725,16485.525391,514.144043,22.150002,356.967529,296.835388
72.505394,-1500.0,0.0,22.149887,356.967529,296.835388
72.766914,16510.015625,369.916412,22.150002,356.09259,312.801941
72.758583,-1500.0,0.0,22.149887,356.09259,312.801941
73.018234,16442.287109,237.561783,22.150002,355.269257,326.624542
73.009903,-1500.0,0.0,22.149887,355.269257,326.624542
73.269096,16503.121094,110.088318,22.150002,354.569305,335.477692
73.260765,-1500.0,0.0,22.149887,354.569305,335.477692
73.517967,16639.529297,51.297176,22.150002,354.216888,348.150238
73.509636,-1500.0,0.0,22.149887,354.216888,348.150238
73.758842,16711.599609,34.302994,22.150002,354.391876,349.385773
73.750511,-1500.0,0.0,22.149887,354.391876,349.385773
74.015091,16711.599609,34.302994,22.150002,354.391876,349.385773
74.00676,-1500.0,0.0,22.149887,354.391876,349.385773
74.261871,16711.599609,34.302994,22.150002,354.391876,349.385773
74.25354,-1500.0,0.0,22.149887,354.391876,349.385773
74.511902,16756.642578,20.215485,22.150002,354.91684,350.260712
74.503571,-1500.0,0.0,22.149887,354.91684,350.260712
74.766449,16784.097656,4.160999,22.150002,357.421295,348.097412
74.758118,-1500.0,0.0,22.149887,357.421295,348.097412
75.021164,16811.095703,1.546305,22.150002,1.523846,322.093079
75.012833,-1500.0,0.0,22.149887,1.523846,322.093079
75.259293,16913.412109,-2.571808,22.150002,5.074975,291.798584
75.250961,-1500.0,0.0,22.149887,5.074975,291.798584
75.520981,16946.451172,0.399269,22.150002,7.959839,277.231415
75.51265,-1500.0,0.0,22.149887,7.959839,277.231415
75.766335,17013.123047,-65.094574,22.150002,11.491633,279.334106
75.758003,-1500.0,0.0,22.149887,11.491633,279.334106
76.012718,17027.378906,-203.496948,22.150002,8.610737,335.641968
76.004387,-1500.0,0.0,22.149887,8.610737,335.641968
76.267975,17006.828125,-352.643799,22.150002,6.707664,22.771757
76.259644,-1500.0,0.0,22.149887,6.707664,22.771757
76.513435,17015.845703,-498.661407,22.150002,3.787016,48.050358
76.505104,-1500.0,0.0,22.149887,3.787016,48.050358
76.768555,17034.384766,-649.493042,22.150002,0.322829,61.271503
76.760223,-1500.0,0.0,22.149887,0.322829,61.271503
77.018669,17154.128906,-723.60968,22.150002,6.510574,61.729912
77.010338,-1500.0,0.0,22.149887,6.510574,61.729912
77.265236,17253.197266,-620.668823,22.150002,2.684175,58.8951
77.256905,-1500.0,0.0,22.149887,2.684175,58.8951
77.509216,17341.078125,-505.672607,22.150002,2.431526,55.989792
77.500885,-1500.0,0.0,22.149887,2.431526,55.989792
77.768158,17476.345703,-434.6922,22.150002,3.458097,64.082443
77.759827,-1500.0,0.0,22.149887,3.458097,64.082443
78.015274,17560.451172,-313.914154,22.150002,2.837102,67.029861
78.006943,-1500.0,0.0,22.149887,2.837102,67.029861
78.258675,17664.195312,-215.700455,22.150002,5.824193,71.114113
78.250343,-1500.0,0.0,22.149887,5.824193,71.114113
78.514244,17714.421875,-71.767265,22.150002,8.829136,69.170135
78.505913,-1500.0,0.0,22.149887,8.829136,69.170135
78.765259,17677.894531,73.861542,22.150002,6.945721,57.532848
78.756927,-1500.0,0.0,22.149887,6.945721,57.532848
79.013641,17666.375,221.291992,22.150002,6.519143,38.229187
79.00531,-1500.0,0.0,22.149887,6.519143,38.229187
79.260841,17698.951172,365.162628,22.150002,7.203624,15.972795
79.25251,-1500.0,0.0,22.149887,7.203624,15.972795
79.516068,17754.957031,492.222534,22.150002,6.250526,349.934143
79.507736,-1500.0,0.0,22.149887,6.250526,349.934143
79.760895,17785.144531,574.928406,22.150002,6.775474,322.880615
79.752563,-1500.0,0.0,22.149887,6.775474,322.880615
80.009361,17906.226562,649.41748,22.150002,6.969087,299.744476
80.00103,-1500.0,0.0,22.149887,6.969087,299.744476
80.26899,18048.060547,711.553772,22.150002,5.464711,282.496307
80.260658,-1500.0,0.0,22.149887,5.464711,282.496307
80.517784,18131.027344,731.789978,22.150002,5.464711,281.890869
80.509453,-1500.0,0.0,22.149887,5.464711,281.890869
80.767136,18190.103516,744.226807,22.150002,5.464711,281.890869
80.758804,-1500.0,0.0,22.149887,5.464711,281.890869
81.016472,18332.568359,736.977905,22.150002,5.289728,283.78891
81.008141,-1500.0,0.0,22.149887,5.289728,283.78891
81.264023,18421.734375,625.430481,22.150002,5.55458,284.917267
81.255692,-1500.0,0.0,22.149887,5.55458,284.917267
81.510681,18463.429688,483.460999,22.150002,5.55458,284.917267
81.50235,-1500.0,0.0,22.149887,5.55458,284.917267
81.766708,18475.728516,332.889771,22.150002,3.839996,304.489929
81.758377,-1500.0,0.0,22.149887,3.839996,304.489929
82.015724,18470.730469,184.542923,22.150002,357.787842,334.451599
82.007393,-1500.0,0.0,22.149887,357.787842,334.451599
82.265732,18547.267578,87.061172,22.150002,355.170959,343.81308
82.257401,-1500.0,0.0,22.149887,355.170959,343.81308
82.514198,18565.419922,79.280945,22.150002,355.345947,343.81308
82.505867,-1500.0,0.0,22.149887,355.345947,343.81308
82.764229,18645.759766,3.068321,22.150002,354.143097,348.720703
82.755898,-1500.0,0.0,22.149887,354.143097,348.720703
83.017548,18661.132812,-1.2599,22.150002,354.030487,356.442352
83.009216,-1500.0,0.0,22.149887,354.030487,356.442352
83.266296,18710.179688,-4.361724,22.150002,353.505524,356.967316
83.257965,-1500.0,0.0,22.149887,353.505524,356.967316
83.517265,18710.908203,10.531526,22.150002,353.505524,357.142303
83.508934,-1500.0,0.0,22.149887,353.505524,357.142303
83.76783,18711.931641,10.480394,22.150002,353.505524,357.142303
83.759499,-1500.0,0.0,22.149887,353.505524,357.142303
84.012352,18784.625,2.995006,22.150017,356.605286,0.385828
84.004021,-1500.0,0.0,22.149887,356.605286,0.385828
84.263046,18819.271484,2.449343,22.150002,2.87661,342.729156
84.254715,-1500.0,0.0,22.149887,2.87661,342.729156
84.519203,18930.146484,8.832763,22.150017,4.330269,290.475952
84.510872,-1500.0,0.0,22.149887,4.330269,290.475952
84.76741,18932.763672,9.372176,22.150017,4.523297,289.441101
84.759079,-1500.0,0.0,22.149887,4.523297,289.441101
85.014198,18973.753906,-19.666082,22.150017,2.802963,13.274429
85.005867,-1500.0,0.0,22.149887,2.802963,13.274429
85.261581,19081.197266,-52.887257,22.150017,2.278016,65.206245
85.25325,-1500.0,0.0,22.149887,2.278016,65.206245
85.518295,19096.078125,-58.03801,22.150017,2.756783,68.458153
85.509964,-1500.0,0.0,22.149887,2.756783,68.458153
85.762505,19193.882812,-60.29055,22.150017,3.839603,25.056297
85.754173,-1500.0,0.0,22.149887,3.839603,25.056297
86.020935,19340.908203,-11.838499,22.150017,2.964691,10.10843
86.012604,-1500.0,0.0,22.149887,2.964691,10.10843
86.264297,19484.994141,11.275298,22.150017,1.503397,4.128029
86.255966,-1500.0,0.0,22.149887,1.503397,4.128029
86.517288,19636.523438,19.259392,22.150017,358.860046,359.327271
86.508957,-1500.0,0.0,22.149887,358.860046,359.327271
86.768028,19786.945312,17.621408,22.150017,358.160095,358.170349
86.759697,-1500.0,0.0,22.149887,358.160095,358.170349
87.018158,19934.324219,33.4893,22.150017,358.160095,358.170349
87.009827,-1500.0,0.0,22.149887,358.160095,358.170349
87.267601,20083.595703,39.85144,22.150017,358.160095,358.170349
87.25927,-1500.0,0.0,22.149887,358.160095,358.170349
87.51889,20230.931641,14.671274,22.150017,358.160095,358.170349
87.510559,-1500.0,0.0,22.149887,358.160095,358.170349
87.769958,20381.160156,4.720085,22.150017,358.160095,0.173676
87.761627,-1500.0,0.0,22.149887,358.160095,0.173676
88.016685,20528.207031,18.049997,22.150017,357.063843,358.792542
88.008354,-1500.0,0.0,22.149887,357.063843,358.792542
88.263092,20644.292969,16.426216,22.150017,356.713867,356.664581
88.254761,-1500.0,0.0,22.149887,356.713867,356.664581
88.512299,20650.162109,16.126898,22.150017,356.538879,356.664581
88.503967,-1500.0,0.0,22.149887,356.538879,356.664581
88.766479,20681.195312,14.318722,22.150017,356.538879,356.664581
88.758148,-1500.0,0.0,22.149887,356.538879,356.664581
89.020119,20681.195312,14.318722,22.150017,356.538879,356.664581
89.011787,-1500.0,0.0,22.149887,356.538879,356.664581
89.264297,20713.642578,12.427628,22.150017,356.538879,356.664581
89.255966,-1500.0,0.0,22.149887,356.538879,356.664581
89.513901,20785.615234,3.795254,22.150002,356.538879,356.664581
89.505569,-1500.0,0.0,22.149887,356.538879,356.664581
89.767708,20822.109375,1.468766,22.150017,358.374817,344.141388
89.759377,-1500.0,0.0,22.149887,358.374817,344.141388
90.015991,20949.501953,-4.21467,22.150002,0.979878,291.031464
90.00766,-1500.0,0.0,22.149887,0.979878,291.031464
90.263786,20981.103516,-6.819134,22.150002,0.979878,273.385712
90.255455,-1500.0,0.0,22.149887,0.979878,273.385712
90.512497,21002.048828,-44.247543,22.150002,359.032074,336.41156
90.504166,-1500.0,0.0,22.149887,359.032074,336.41156
90.766304,21135.275391,-77.936356,22.150002,357.514191,9.938674
90.757973,-1500.0,0.0,22.149887,357.514191,9.938674
91.02034,21286.023438,-55.986168,22.150002,357.514191,10.634079
91.012009,-1500.0,0.0,22.149887,357.514191,10.634079
91.25885,21425.826172,-25.885731,22.150002,358.427643,25.317734
91.250519,-1500.0,0.0,22.149887,358.427643,25.317734
91.511902,21563.054688,-58.172905,22.150002,358.357697,84.957108
91.503571,-1500.0,0.0,22.149887,358.357697,84.957108
91.767303,21688.525391,-61.856396,22.150002,356.945557,119.225388
91.758972,-1500.0,0.0,22.149887,356.945557,119.225388
92.019196,21695.744141,-57.453556,22.150002,357.337616,117.716576
92.010864,-1500.0,0.0,22.149887,357.337616,117.716576
92.269119,21796.029297,-46.650192,22.150002,359.334686,44.671757
92.260788,-1500.0,0.0,22.149887,359.334686,44.671757
92.513832,21930.574219,-104.141808,22.150002,358.634735,23.553722
92.505501,-1500.0,0.0,22.149887,358.634735,23.553722
92.761009,22075.15625,-78.65181,22.150002,357.934784,16.935629
92.752678,-1500.0,0.0,22.149887,357.934784,16.935629
93.012352,22220.728516,-39.528278,22.150002,357.409821,9.312726
93.004021,-1500.0,0.0,22.149887,357.409821,9.312726
93.268303,22372.46875,-16.307846,22.150002,356.884857,4.934602
93.259972,-1500.0,0.0,22.149887,356.884857,4.934602
93.516228,22520.730469,-4.379895,22.150002,356.709869,1.234589
93.507896,-1500.0,0.0,22.149887,356.709869,1.234589
93.765572,22670.283203,-2.191328,22.150002,357.094818,358.130035
93.75724,-1500.0,0.0,22.149887,357.094818,358.130035
94.016617,22744.917969,-5.85789,22.150002,357.269806,359.186493
94.008286,-1500.0,0.0,22.149887,357.269806,359.186493
94.267387,22744.917969,-6.2439,22.150017,356.882935,58.133747
94.259056,-1500.0,0.0,22.149887,356.882935,58.133747
94.515289,22744.917969,-6.2439,22.150017,355.492157,132.986832
94.506958,-1500.0,0.0,22.149887,355.492157,132.986832
94.760651,22744.917969,-6.2439,22.150017,355.575256,165.89209
94.752319,-1500.0,0.0,22.149887,355.575256,165.89209
95.018784,22744.917969,-6.2439,22.150017,355.225281,181.948441
95.010452,-1500.0,0.0,22.149887,355.225281,181.948441
